Title,Link,Status,Score,Price
Shop on eBay,https://ebay.com/itm/123456?hash=item28caef0a3a:g:E3kAAOSwlGJiMikD&amdata=enc%3AAQAHAAAAsJoWXGf0hxNZspTmhb8%2FTJCCurAWCHuXJ2Xi3S9cwXL6BX04zSEiVaDMCvsUbApftgXEAHGJU1ZGugZO%2FnW1U7Gb6vgoL%2BmXlqCbLkwoZfF3AUAK8YvJ5B4%2BnhFA7ID4dxpYs4jjExEnN5SR2g1mQe7QtLkmGt%2FZ%2FbH2W62cXPuKbf550ExbnBPO2QJyZTXYCuw5KVkMdFMDuoB4p3FwJKcSPzez5kyQyVjyiIq6PB2q%7Ctkp%3ABlBMULq7kqyXYA,Brand New,No score,$20.00
Apple iPhone X - 256GB - Blanco  (Libre),https://www.ebay.es/itm/276347949975?itmmeta=01HQNZEAGWCGKBEGXTWWSKP62Y&hash=item40579f1397:g:R~oAAOSwP5Zl1yIF&itmprp=enc%3AAQAIAAAA4DfGL73sFI0y%2F7pDEmIeE6GjoS25oHnMV0RpnOzYYiMvD4eoQLa2Sp0AuROvSa1WE52kFq5MnnK3ZjZu%2FHAKzdAKJDnGfUJoLyV0NnxA17rCu4%2BVkAX5zBHucjmNYwNs%2B6AF81GZ68x6qa98zdjJcidCegsevxVyJbBWqLUWP28xrzicp3RDjhv5sZsYeBVNRfw9xlcF7WUp2O%2FoM4KoRaAQ3AHRtnuI5CsvMee2BBijGOZA7uCL%2BlcadvdIYbYlWufrs7KxlSOCeRJ2eyEmKaFpWjBEBRSnBFTbdHrhm9Ro%7Ctkp%3ABFBMwqi5v71j,Reacondicionado,5.0 de 5 estrellas.,"188,00 EUR"
Apple iPhone X - 64GB - Plata (Libre),https://www.ebay.es/itm/395208942995?itmmeta=01HQNZEAGW2Y12EN9P0V1MA1MF&hash=item5c0449e593:g:R3sAAOSwtkll0gbj&itmprp=enc%3AAQAIAAAA4CElpW5pC6B8PiidOW15JC%2FMagFdBQaiJX%2B%2FmIKjiTDkRK7eMWcnt8IMslOI4M747x2y1mdqTdQFVtY28ip6Ep5jyhdQTwh43YlPbZNWv0%2B07LxTYgVoDpSEN3AmHSklori3eYterb4Iu%2F2VBzfEm5Ota3So6a4pkUowyyLnGj%2BNrXCDIXr%2F81uaiMfHinZChlEpp589xSAfma2nFH%2Fc73QDtbDideIJ%2FD9pYsXlR9rXaDNJXAwwKhmJjmkkiAs8xVOlNCDup6B8zjlzBmsVgw7kuJwiGHASxYjJxJ1rZTmn%7Ctkp%3ABFBMwqi5v71j,Usado,4.5 de 5 estrellas.,"120,00 EUR"
Apple iPhone X 256 GB gris espacial desbloqueado de fábrica A1865 ,https://www.ebay.es/itm/115001381403?itmmeta=01HQNZEAGW5HB4V2KWRQ1YSZHK&hash=item1ac69dd21b:g:yNEAAOSwFDBhSMjS&itmprp=enc%3AAQAIAAAA4HjWMdngd8PigcPimAmp56EDds8nxn%2BgCIKNgY2%2FbuiL0QqTF0V%2FfufprVu3Mh%2BaVXGAY9x1ZpFAv02ZvK5ORLvOqBObxXm5KZNTV0tYvyQe5Ohv6%2Ffo4edihkgUSqVnv2HbsKaf9QTrMIu%2FUvut8PlMynqQpB91Ylfz0faRI6jJgTSYUw%2BZdvG20iju1%2BH7vOp2O3ON5n5nVK2QGrKVcAfcOyFImRFJLWCXwomKV4tb6myypT5t22NIdCe4cEzpLoPX7aCiDdmRraxEA%2FsrkxmUnitOu5DRGdH2nrjyXIl3%7Ctkp%3ABFBMwqi5v71j,Usado,No score,"144,96 EUR a 294,37 EUR"
Apple iPhone X - 64GB - blanco (Libre) (sin bloqueo iCloud),https://www.ebay.es/itm/235441599900?itmmeta=01HQNZEAGW2Z1HDMYD97K4YAJF&hash=item36d169b59c:g:qe4AAOSwPyNl1d8h&itmprp=enc%3AAQAIAAAA4MpXAip2GBR7vYCwzg9wcHFnoCqAItJGGFQMpWBPpyYEB97e%2F8qoL72cZOc2hbV0ikto%2B1aUQMrje7enXlCS3nQPNyiLPgfhBBXE5M9MTbS2xdq1JW0%2BxesibBlU1ehPXZCyw9kCSf5WzmumBYGqRzg1VQam5qoU1243fLLTBeP7kVkb3lzL5B4sMa2fmCMCqBDsuN%2BQzHHbBmWUehrLGfDG%2FQagE2TBjAfRNI8CF9JPHnBTqel9pO6v7uUBOitH3kmfClpo8Tk%2FNfv2McGepbit%2BzLV7OfVRpj0cBpbHJ37%7Ctkp%3ABk9SR8Soub-9Yw,Solo piezas,No score,"50,00 EUR"
Anuncio nuevoApple iPhone X - 256 GB - blanco excelente estado sin arañazos,https://www.ebay.es/itm/276354646766?itmmeta=01HQNZEAGW28PSEJXXR72X2E0G&hash=item40580542ee:g:K-QAAOSwtzJl0hyP&itmprp=enc%3AAQAIAAAAwIrS3PRgR7vfk2r%2Fsya9L7n7yCte%2F3HokyN%2BGATD%2BYvcD36yd3slliU5c5iBtcNF0PXcKOhPPZb3gTFoMrdebecU0HKFx0MBntKkrbDLsjYmaN1A5rh%2BTcj20NEZoz3J0WfVl1aRWGgOF3FNdBx7LMuOyzCMB1rpQfDIOrkMpYhQ4nreoSDE0Tm2UDX%2BS9snDO8e%2FsUVh2ad65Lu2th%2BTLAlv0LQYDmKAkjNVNQGrPu1%2BpX5FOpyW4iOTNDZ54Fh4Q%3D%3D%7Ctkp%3ABk9SR8Soub-9Yw,Usado,No score,"71,00 EUR"
Apple iPhone X - 64 GB - Gris espacial (Desbloqueado),https://www.ebay.es/itm/186311429233?itmmeta=01HQNZEAGWV0P5J6D8F2AT588E&hash=item2b6106cc71:g:g5EAAOSwwz5l17Xw&itmprp=enc%3AAQAIAAAAwMk9kFhmuXBbO1R77q8o8uFRf5ky1UCk7RbkyQ8Det3pVIFuZ0EL2njHPSkLstbzqqg7keUzsOCxSHToLqntjBaDTL0ocPyYDP2P0GNtlGHT6c2pmuAAu6bmOPFBFqh4PlBTLnJR7fMzaMmwnD7wMysLZE6Dlsw8%2FEB5MsvNb0Zg28L2Nk8zEpP21OwE8O9UeDMXpcYSOBaQEyfiM%2FkiQZXn8a964hwOpVM%2BCTlOW0wbO375d3IF2ZTcU8WQYwwU1Q%3D%3D%7Ctkp%3ABk9SR8Soub-9Yw,Usado,No score,"80,17 EUR"
Apple iPhone X - 64GB - Plata (Libre),https://www.ebay.es/itm/116076584027?itmmeta=01HQNZEAGWCW6Q3FKJ3E2DJ653&hash=item1b06b41c5b:g:F2YAAOSwZo1l1zgC&itmprp=enc%3AAQAIAAAAwFh4Pyz%2BmDiDTCua7aPZFgnQXM6G6CFmlnT6auBiwIigqYUbe3Q9u%2F4%2FdVHblqTbRUEvtcK1r1Ziu%2BI9V9KUqXuPLNWLSTnOkUvrqHB59PCBLhuPx3C5F7k1EMEgXCs7beQ--7fmONGiYDPLypT%2B%2Fw13f8X1HuHqJJK7dTLEfTmfY1516BFRnjO9EW2nLKvkz%2BGTXjEVDx8mateZr6xr%2B2qLb1ePJHFB8Y4XI2Nbob%2FN9oRO6l4Rgj8%2F36PC1%2B%2FXvA%3D%3D%7Ctkp%3ABk9SR8Soub-9Yw,Usado,4.5 de 5 estrellas.,"60,00 EUR"
iPhone X,https://www.ebay.es/itm/335269681260?itmmeta=01HQNZEAGWA48ZDT64BNX9FFV7&hash=item4e0fa1586c:g:WD4AAOSwvvJl1wu7&itmprp=enc%3AAQAIAAAAwC4Q7Ym4%2Feua1vybirIHGkchHJ2%2B8uc8J0XmhYV4cUWbsswMHMvzA9htzvR3UdcyJMMsUtem7I%2FwA9RX5Hb6YOwS4QJfMZsbfrCCY2FEGQHg%2FT%2FSa1KBJj67gd79ay7T%2FGpo2f4sLl7kzbcDLniq7K8MXAObgVGm5w4%2FbcoBibOnlfgyJ5%2FJrTpoNJ%2BIRzhwLBpdrnwx47cYRPE752F8tjZNrCWOQAOFMX7GWc4xeV1Yx%2BYiSM%2BJpdpynXIGJAPsmg%3D%3D%7Ctkp%3ABk9SR8Soub-9Yw,Usado,No score,"62,00 EUR"
Anuncio nuevoApple iPhone X - 64GB - Gris Espacial (Libre),https://www.ebay.es/itm/145634230615?itmmeta=01HQNZEAGWBZ0B3V2B2K9MZVF1&hash=item21e87a0157:g:pHYAAOSwLZxlwV9G&itmprp=enc%3AAQAIAAAAwP7AKN8CTeykzgySwcjUeQOSAfkcjdPpCrnmOizzuNq1GfsHT8sMHS41Ga7MGkAiFjKjgENxmdjmpxtQVVKjqeb%2BuNR%2FAKfKrpBxGKgrDC8Yf3fGusrCiE%2BVcxabu%2BUARGNQ8IlGBDeNUfHCW0e5gIdaLWxKQta6PO8orYHHkcpHZWyZoo2LMVvlk2AExXxNYEhyQki8GiXi5cAXViugmrs8Zcx%2BQvG%2BiScZOtk9nOcfWP2WZE%2FO2o8sZtM9RtEuuw%3D%3D%7Ctkp%3ABk9SR8Soub-9Yw,Usado,4.5 de 5 estrellas.,"80,00 EUR"
Apple iPhone X - 256 GB - gris espacial original (sin bloqueo de SIM) Smartphone,https://www.ebay.es/itm/256421135986?itmmeta=01HQNZEAGWJY8YB7EX9S8EWD0Z&hash=item3bb3e40672:g:KyYAAOSwIvNl1zZ2&itmprp=enc%3AAQAIAAAA4AHq9pSNmTYVEYw3cLkFHBXPySn%2BACsOpyHfXJ5AbKCpOqg2R6IyLVuZYqk6WkgPK8TxEOVO7%2F%2BuZsV4zyP4T1ogPde8zcyCm64U0pHxJC2Jojx4m6y4e6hWkMylRyiTAv4TYmcbhhseubfSBP6PErjm87INvlh1tviCOPQqVthEKBZv8UyDBW4AD%2BYTlbaNVydBOVg9h8IwRQhLMdpZyg35iS%2B1pB18AA01EU83htjBRksjUlATGNCI5qnvJWQI7fIoccnVhybGD%2B64NgnDGk4clSAJ1RKrR7MksSrG19Rs%7Ctkp%3ABk9SR8Soub-9Yw,Usado,No score,"71,00 EUR"
Anuncio nuevoApple iPhone X 256GB Space Gray (Nero) Usato Perfettamente Funzionante No FaceID,https://www.ebay.es/itm/364756586896?itmmeta=01HQNZEAGWVSQDH1Q5628FSFZC&hash=item54ed2fd190:g:-LkAAOSwmall3asR&itmprp=enc%3AAQAIAAAAwGu8mZU4aqOXjdXPJ%2F%2BFNR6P9EInG7zsMIPnzBkZYDkx8ynia1GIEBR1ts4DesY5fsteaCZyEjAs%2FZIuxUaVc8ISiL1knDSsDbriSzqCfmKZAbUHqq02yOXrepayUeFhA%2FMbCZvEWbe5He1KvS8%2BCcFGsD1znQySWOLcIZSJ7bw0VHh0gREFVcicrhkFwKXCst3BwEKo3U1j2HB3eulPU2wzmUdDkhhOU41PtIUq%2BUVR94S%2BQ5SuktlWiIayW6uHHA%3D%3D%7Ctkp%3ABk9SR8Soub-9Yw,Usado,No score,"115,00 EUR"
Anuncio nuevoApple iPhone X - 256 GB - ¡Gris espacial! ¡DEFECTO!,https://www.ebay.es/itm/145635036439?itmmeta=01HQNZEAGW5KF9AVVCH402ZDVR&hash=item21e8864d17:g:LHYAAOSwXWtl3ccF&itmprp=enc%3AAQAIAAAAwDNb2gHbryf%2F5Ott4Z7xAXgWeWU1FAEdxe5k6MZfddkC2v3tclvP8Y9cSYvqLRlNy2cuMHPYTPBtUFN2NB6RxIqVI%2B3KLKpEMHOlt6Zbl4ydohtnHTsLxXe9iXglgBUGC5Xkrzzelmw3kvaNXTr9aEsF59NHnfc1P03fjJUn9B64n5TvEi%2B7JCdPyIcUkKO6uRn2tl0CPBmf41tLz3GIqx2AM1f2%2BXtueDgXrETU76xMU7A3bU%2ButMW5Sr2HWs3JHg%3D%3D%7Ctkp%3ABk9SR8aoub-9Yw,Solo piezas,No score,"21,50 EUR"
"Anuncio nuevoApple iPhone X - 256 GB - Gris espacial (AT&T), por favor lee ",https://www.ebay.es/itm/266692645062?itmmeta=01HQNZEAGW4FQTW3F417X8HJNN&hash=item3e181ed0c6:g:EmUAAOSwmhJl3NLp&itmprp=enc%3AAQAIAAAAwCkh4TrQqyoWXj%2FbfitlAPURQ4Qr4SGSMa5KA5TZCaECQjuIf2GkTjmerzao1OZFjaQW6Hj6TYSQ3VzitnRiNoF2IGj1NO8Z8FJsHv4XHB8LypZoDSLUXyfrW3xDFQd0f9Lnt2yahIJKS8qtm544rK32dackikykCn9AUDCbjKLeFDgbx91PzWKOVtJDFqYoR1YRAGjPbCJEGGLf%2BJhrpYrSew%2FTA1ZUvx5%2FwjFfIiWY1Vkzv7lhNa5tGIi5Ej40UQ%3D%3D%7Ctkp%3ABk9SR8aoub-9Yw,Solo piezas,4.0 de 5 estrellas.,"89,20 EUR"
Apple iPhone X - 256 GB - blanco (sin bloqueo de SIM) - ¡como nuevo! Estado de la batería 81% ,https://www.ebay.es/itm/404799802813?itmmeta=01HQNZEAGW4H4YJ3WVVJ6D3NVR&hash=item5e3ff2cdbd:g:sSsAAOSwRtFl0aY4&itmprp=enc%3AAQAIAAAA4KLjnPE%2FaFpk0ImJ15J%2BRHr229rzRoaO6jvM4uzeR2K%2FQenSlilVjIDmtubce%2FUWG3KPkux%2FQh%2B6k13it9Z8deVpkwVNNbsY8EnJ%2FFlllPzbFHVQ%2Bs2%2FOh5ctZmXlbGpzeng2ai8hjpBWU3n9A%2FepLiUWf8jopiOkszZWafLaj8olRgFLSy1OaR65FRbhNtx0Oqp6sgmUqNnzVdm5nnAGReqb5E1IpWLchajql47ai7Hz1Xhs3HMMC58%2BBCyaETr21G0au6EEQhxnsV9iygdkICWPWwcs%2FI9jHJ12Roeth%2B8%7Ctkp%3ABFBMxqi5v71j,Usado,No score,"200,00 EUR"
Apple iPhone X 10 - 64 256 GB - COMO NUEVO - negro gris espacial plata reacondicionado,https://www.ebay.es/itm/276195962952?itmmeta=01HQNZEAGWEVCH0CBY4MRXF239&hash=item404e8ff048:g:6EwAAOSwRZdlZNqL&itmprp=enc%3AAQAIAAAA4D%2BQO0cnHADWkDxMev7CLUd66x5zEP0yycnwFuDwJLW46weyG2MUQqhoy0QLW2CbE1388FyBeeAxxfLBOXNLNzdNpyl%2BRPCLzf%2FFsjRyq667uidHSfHB%2FLdVsYmWHy5zEVpadKVjfZa8Yp5zv7Qmx742IWkClHxy%2Bf4L60GH4B2HI8%2B1c6sc5%2FzZzy58kKtOjBQ5KmN899pssJuHju4zGRPus52nV4lYrZqCAeUgyw3JTw9R%2BXT1SJkl5fSJEA6HBw9en3QB9DvRA%2Bq7u7EtRUxky0zzQ7u6R8z8gQoDtkeR%7Ctkp%3ABFBMxqi5v71j,Reacondicionado,No score,"179,95 EUR"
Apple iPhone X - 64 GB - VETRO INCRINATO DAVANTI E DIETRO Non Si Accende,https://www.ebay.es/itm/266689532305?itmmeta=01HQNZEAGWMPDJ1KGJFQTV0Z09&hash=item3e17ef5191:g:AaUAAOSwnBllNnXG&itmprp=enc%3AAQAIAAAA4CHIlkE7whbmUEr3QdtnGGLpJH%2B751S3e0AEBb%2BJDOWd%2BhgPf1rR74zftg1zQO0iBC1e6sDd2jOKNXpGygK7KyxERF6n%2B1jIAWd%2B9P9zMvOCjhbvPDWV%2FA8TtQ2qpzocfpxDwWutG9LgnDSekSDK%2FaOsb9VoNwcFl04zxXSn0qkgzbCBkaHg5kh1%2F4kS6bbag2Xct%2FVS1KXs4zfpVFNC3HiElekNOtM6iavQeXGgJr5Sf1Pm2MKcf3eeos2acsemrtmgQ2P0CANhdsPS2dc4JKJtdQIq8WGOw955YiGi8mkt%7Ctkp%3ABFBMxqi5v71j,Solo piezas,No score,"39,90 EUR"
Inmaculada - Apple iPhone X - 64 GB - Gris espacial (Desbloqueado),https://www.ebay.es/itm/226017600971?itmmeta=01HQNZEAGWM7KDHPK0DZ9K25NX&hash=item349fb2e5cb:g:-MsAAOSwIbxl2ijk&itmprp=enc%3AAQAIAAAA4EsktYnNwkcs4lGv0G4FsfWzC2b3tD7rqRNaqz%2BhDXLVic4P1rIwDa7UtW1vCwns6W09iesESM0BScx7cK%2BSALaWsKx4dA2B6vh7DXJlR19Z8j7E%2BPaMLPm8f8NjkWuVs2Txb%2B%2B1QNijdO50iIFDvGsmWWBB5iZxbT1e68ZmSEV6%2BUedxgbVAty63i298XQUw%2FZkK64i4PfDEjweobsVOERMY0Sd0Uo5idwf2G8YLqT72avOtreVwgu4TfDgn8SaGVyTSIpD6fkzrt70FMm9pK1Br8mCnvSdsulZqbKdqJwD%7Ctkp%3ABk9SR8aoub-9Yw,Usado,5.0 de 5 estrellas.,"18,70 EUR"
"Apple iPhone X - 256 GB - plateado, plateado (sin bloqueo de SIM) batería 2023 nuevo, embalaje original",https://www.ebay.es/itm/235408397006?itmmeta=01HQNZEAGXJTH1ANEMZ5VJ4PVS&hash=item36cf6f12ce:g:ENEAAOSwFuxlhUHF&itmprp=enc%3AAQAIAAAA4NxUeeqa%2Fv%2BMBCdZZEm1kqqA%2FmWhyxFJuamilnpD8FTWmkqBKiKFVifdG9PHKgfA3WFOZgJRTRC60fLj0N%2BlZZIsIGEeMUc1QA0MkRUfXOERvr8s0JA0pRFRlqwLezxXABApAVfvLj7SK6OFIf3QsUr6EbOpI8%2BkiAM%2FLI5L0k9ZD1Z6Kb%2BUKTcimN3OJAgG5TMiFNscz9Fb95UeRbXkkJP1DkvI9jjRlSh4Q2BUcyIi4mMsnRtibMgssJvmKsTzz7286o0S5w4m%2FD0PiM5cMJLLuWTjJl9kAUVVFSu5Q14I%7Ctkp%3ABk9SR8aoub-9Yw,Usado,5.0 de 5 estrellas.,"150,00 EUR"
Apple iPhone X - 64GB - Silber (Ohne Simlock),https://www.ebay.es/itm/315181147890?itmmeta=01HQNZEAGXPNFKE69Q8H765F69&hash=item496242a6f2:g:SrcAAOSw9FVl22em&itmprp=enc%3AAQAIAAAAwHF6yWWlg7mNK9ywN6w3BRv9%2Fqo%2FTIIHUzuQ4B%2F82EqD3qDG5dIXdnbKfqsS%2BFQrQ6B79YDoyAThGOwlX268Dnt2muREifSomZHCeuQXSNSTncbtpvjXaULQL%2BN%2FrfNYY3Usx3TxmWD1p6hB%2FvR7lrrPgbcUKxnc7M6pyewhmFyRO4mXkCpIlOAFfiLqb2K6ff9nk3pl%2F%2BGHhshIDJ02Hlc34oCdlRfX9h%2FE57THOL7%2F4uPTfyrI68CFr6DGsD1rFQ%3D%3D%7Ctkp%3ABk9SR8aoub-9Yw,Reacondicionado,No score,"27,50 EUR"
**LEER DESCRIPCIÓN** APPLE iPhone X 64GB A1865 Gris 85% Batería,https://www.ebay.es/itm/225994580633?itmmeta=01HQNZEAGXN6X4JD6ZX1C9T63Y&hash=item349e53a299:g:vJcAAOSwFQllxP2r&itmprp=enc%3AAQAIAAAAwPIDPyH0S3Fyi7%2BITHAe1a9V4NYzVbnihCR2s1zvQZVfJvdC9ZyohDcijnsau0I%2FF%2BF%2BoRczNOH79qpgNulPuMwqu9aL%2FJAx5ULYUEnLFMI%2BFb37Cshpjzse0uZGf0xMqnrPbRgd37a428XcIKg8QyHH8S3YjR%2BsZtxs8E9GnTcMZOStzn4%2FXtP2qqMVh8%2BGaFBgI1Lt1UYRbpkF9mY0R9D9VR2JtGD5OMvfTCdc3pG6UwuHJ%2FLv1ryUo3j8jUl6vA%3D%3D%7Ctkp%3ABk9SR8aoub-9Yw,Usado,No score,"149,90 EUR"
Apple iPhone 14 - 128 GB - Azul (Desbloqueado),https://www.ebay.es/itm/395207393082?itmmeta=01HQNZEAGXWGSQZG4QGJS32W22&hash=item5c04323f3a:g:5l4AAOSwqIpl0Qus&itmprp=enc%3AAQAIAAAAwKdeciSJkINPwjY2x6aDIscimP8mQiVa63xl1%2BtX1t6Dszv9ibKsX9bMd24oaQa9vTaXDwnEG%2Fcbr5UjKVgxjoVTzNGIQvlDEXVceP118oeZzlYANEZXqwWVdrp3a6wgW%2Fv40yQLCOQnF44rAeisJK1nsrIcbJoqSQ2DLApCzQS6XzU58J%2BpNFJTQeIJB3yYZCHNpeo6Y44lcfzTlThpRbS6IBa%2BRfNkkjElKAFxUvlQPYiovV7CH7wxAXcmqbpc%2BA%3D%3D%7Ctkp%3ABk9SR8aoub-9Yw,Totalmente nuevo,No score,"479,20 EUR"
Apple iPhone X - 256GB - Argento (iCloud Sbloccato) Rotto,https://www.ebay.es/itm/256420449819?itmmeta=01HQNZEAGXQYQ22K2VHN13624V&hash=item3bb3d98e1b:g:LecAAOSwpLpl1kdN&itmprp=enc%3AAQAIAAAAwIA5IqpTkly4s0OjtOh04iHmn1bQz0rdX9968%2F7NxMF3tvzlA16vWQhRiBE4YIXOlxhriN6RsrhFUBHr%2FoHXsclxnSXoY5ugGVlxmGKHGVh2LIZF2e%2FYgMMiIeNDhS6NGFaL99Uq5lt7iEjuLfDWz9VUGh4AyPcsOL0Yy2idJ8bvUDp23e4rURAYJhvejWyiavZ18RhjmaisEPn%2BgwQqG1vYUbqB7Ee5JHsVLG9%2Fn74z2l5UYYO0ON%2FGLHfbl71ECg%3D%3D%7Ctkp%3ABk9SR8aoub-9Yw,Solo piezas,No score,"91,00 EUR"
Apple iPhone XS - 256 GB - Gris espacial (Desbloqueado) *ver fotos*,https://www.ebay.es/itm/204667615461?itmmeta=01HQNZEAGXZA03QQFYGZW0GCTA&hash=item2fa723f8e5:g:qTUAAOSwt3Vl2hs6&itmprp=enc%3AAQAIAAAA4JnOy7rJ1PgoxNM7CReGTG7GNkLH%2FeGDqQNkTKfHclBPNZ%2Fi7a2REazbUYbGMA1A3QNr20pux6DWyrr%2FrXC0dcYwFMIiMj4jnFrIJE8xZQ%2BJqVuSUX056FODadINxC8J%2BH8TrLe5Xt24chnPFB3XQ35vwq9XTCJzptCOInxVfMGa%2Fa%2FFv39jIRWE63LuNH%2BjvYzvNpHRSCZK6MZwfZdqQpxcSE2Lk4KMrbWtajZwOu0s7MMxJEn2M0kwYxHwYKynlCP7ZNbk1TeKkOklXgol7VdQClpWN3YqBs%2F6p24vxvU7%7Ctkp%3ABk9SR8ioub-9Yw,Usado,No score,"61,74 EUR"
iPhone X 256GB (Bloqueado),https://www.ebay.es/itm/256401164915?itmmeta=01HQNZEAGXE0KZSX5QR2N5YDRS&hash=item3bb2b34a73:g:EVYAAOSwrnJlv-Gr&itmprp=enc%3AAQAIAAAAwHKiEbLc%2FHj6%2BbLElREYRLqrn6Kc%2BXWlE3%2BsvLoHRHIboZSxlZ0r0lcA9QGjd09Yw9lb8WspujjL0lRLQvS0O4uOjsWy4CwQFlc7uOpu3C1MmIXpk2xYBKQL69Buhf7wtg8Rvw5yvdBvZPIDuwqJIp799x14RebBzTI1x%2FhgoapIjD%2BsjxTPg3Idkt%2FkSATBfnl1%2FtXPK40xeJIK3vRao3UpQfOrw03Ki8zqsJ6ULKHQWR%2BeIi5APgy%2BkVZEiSdosA%3D%3D%7Ctkp%3ABk9SR8ioub-9Yw,Solo piezas,No score,"69,99 EUR"
iPhone X - 64 GB - Paquete Desbloqueado - Lee la Descripción,https://www.ebay.es/itm/156081035870?itmmeta=01HQNZEAGXZ9MQQVAFYB7P877B&hash=item2457279a5e:g:i4AAAOSwLr5l07CI&itmprp=enc%3AAQAIAAAAwL7U4tZZ2SA%2FPQaA%2BMFWAJ9Om%2FWASFfpbVCi2XCsM4IFbld2UtQB3QFdITgq9dtCoJ%2BlX64K2lFRkECQ0ouv6rxeOcUgfyUIkjhOL8Nc6CHfVaRXAxvCXTeBg6mlnvwV0%2BQgPsnUaPxhilm5X%2Fa5A8n9QeBXMzRsWetQypQzbANUbmRlkKM9jbARzGMELIkEykdENeAqtxxUzQtXiwQMvuXKiw332Kf4cHuqY%2BR%2B6iSQiZCsn%2BCvJmxy%2BaJf2bQyGA%3D%3D%7Ctkp%3ABk9SR8ioub-9Yw,Usado,No score,"72,80 EUR"
Apple iPhone X - 64GB - Grigio Siderale (Sbloccato),https://www.ebay.es/itm/296239828583?itmmeta=01HQNZEAGXFXFM5C4BZ5V3PW55&hash=item44f9450e67:g:u1AAAOSwpNNlgvf9&itmprp=enc%3AAQAIAAAA4BWLpKpcclzrBry%2FAbJQDJTesrSly7mcW6ZMpLaUw4BthI3a2vMoVplBr5CjerZ8QiDdmP0pPbSWGI9c2b2%2FeOZtXZxPt0hti%2BkJRIrafVYvlh%2FW2OyVkwE%2BPE2VtUHPA4b7jB5Q%2FW3OIbOmGvarmZxEplUm14D8eylrebRCcC%2FMD0DaeeVkCZfqE%2BJRcPtM6fayZM9t4gfs9mxOPDslHqJWZ0Znsjz3NjgxkipwJKZlB%2Bvb31Ao2JiE%2F4l4%2BSJkmjDCCunf7EM7aW8TW4EAKK3VYmY2Q6gk07BezDLPsuLY%7Ctkp%3ABk9SR8ioub-9Yw,Solo piezas,No score,"37,50 EUR"
Apple iPhone X - 64 GB - gris espacial (sin bloqueo de SIM) (sin caja),https://www.ebay.es/itm/116047657100?itmmeta=01HQNZEAGX8SG587F84HBFQQM4&hash=item1b04fab88c:g:Q4sAAOSwg2Flr3iW&itmprp=enc%3AAQAIAAAAwCSXzriyViRhj6eQaRhttWQIpT0uBZ%2FFu9%2BaXepYYwktPHbNeGO8DdPNQE%2FF%2BlYnGot0P90Jd9JjXbtjVzhK%2BsKRFvjNkoD6wkxZBMixDpLgc9AimnSF2gAulqZ%2B8Pyesp8PLHWZNpc1V%2FALxj5Sbzp9KTPVLfjWv%2FPsCWPp4c%2BVNAwwie1o8svDPA0vMbrPd0pNbTViOwW%2BiqwZpyJaHtUwvzX8AZxKFrt96SdhqGeVdQGNIWmSrzXwgcadkXjPuA%3D%3D%7Ctkp%3ABk9SR8ioub-9Yw,Usado,No score,"115,00 EUR"
iPhone X - 64 GB - Desbloqueado (Leer descripción) AI1165,https://www.ebay.es/itm/276349833325?itmmeta=01HQNZEAGXBAWZTA97XDQN858G&hash=item4057bbd06d:g:0E4AAOSwxNhl2L2x&itmprp=enc%3AAQAIAAAAwKZ%2FOXh4Ii%2Fmgvoi8UqDLmNW9mmf9G2wPK7zFE%2BGG81y%2Fm1awhsZvVHz8OeEHwZPG5%2BzOHs83UY%2FYF3oIqKt6W8aTpZyiYpSyWwOtxG4P3C87EGnQAAnThu6SZRm3VPfXQPPUPvxBkQiyM%2Bfk%2FBFzcc8Fuvh3xzkPCrMrs9vy9hPreB5%2BuEr3cXo8uypsSeyJmGcS5Z6nU1h0NvxtG1gDGsHH7utpTkqWcyX49cJS52OMf%2BViOzekUUTpidRmDFuqQ%3D%3D%7Ctkp%3ABk9SR8ioub-9Yw,Usado,No score,"83,86 EUR"
Apple iPhone X - 64 Go - Gris Sidéral (Désimlocké),https://www.ebay.es/itm/395166769402?itmmeta=01HQNZEAGX1PBQB3XF6QC9A49Y&hash=item5c01c660fa:g:RM4AAOSwvLplttsW&itmprp=enc%3AAQAIAAAA4NSlY%2B%2B6EmgOm%2BwsrDccn7uYVidJ7gHDV0NAGL1Jpdxf%2BWsE4EkIoROlVHxNHGbI7PXpb0qs7CgFPhBEmoWYYPnyMsh98ao2NZdSoOxhq0MNaBD7hac8ecFuY%2B8qmbl64mkSX%2F2KkBBehVg1temyvdnZZaaI4f0WoRXp%2F6eXptm00LLimT3WnansyujUKRCoNxjbcoqIfZBh3ODLD5zXZ%2FzjlU47kzDzM%2B83GEYXtPgtvnez40aXLa5%2Fazd9vMzhqDp06be2nOKzf8IbHAqYE3oDUb5UCWPslVfnVu7GNIkR%7Ctkp%3ABFBMyKi5v71j,Usado,No score,"179,90 EUR"
¡!¡! iOS 13.2!¡! - iPhone X - 256 GB - 100% OK incl. GARANTÍA/GARANTÍA Y EMBALAJE ORIGINAL,https://www.ebay.es/itm/226020229228?itmmeta=01HQNZEAGXXTHCG74P25SK12Q6&hash=item349fdb006c:g:9GwAAOSwEvBlzRzA&itmprp=enc%3AAQAIAAAAwLenOfNVRav4fbAL3wGxaRyNLa6VVBs5xtc8rUKuDsgcOknnDKrxEn%2BNzdf1pIdXA8x5pMjLliBFVTC3DjW%2BLCSaxiXSWBhcf%2FO37iE3E6XsBx%2Fr55TfAdCIyXLM3rqjqClr5C5KoU6etbkNK%2FKNtemm%2BCTOD%2FEPkaP7TP1%2FOMUJFJO%2BIJ4IR2TLKc6xTV5m9c3UH%2FJBevbDytn6d9uW%2FDWP1QDZWPPw7YrZm2PTLous8kvkwjWyXpTA9gshNbNb7g%3D%3D%7Ctkp%3ABk9SR8ioub-9Yw,Usado,No score,"189,99 EUR"
Apple iPhone X | XR | XS | XS Max - 64 GB 128 GB 256 GB - Verizon GSM Desbloqueado AT&T,https://www.ebay.es/itm/275621347165?itmmeta=01HQNZEAGXXZAJE3X40RHVCR7K&hash=item402c4fff5d:g:uSMAAOSwyzZlzOCH&itmprp=enc%3AAQAIAAAAwHfTbaPBjUlZGMP6n59kLD5yKlR5y5cs9XpmX1%2Bq5qpt%2Fn6kmmHYHypCia8lkrGJLXxp4yk2lpsIkfOCtbKagx6EVOuIhySqNlTn3zuQGDZ22YzacK6NglN4ZTbTW70fSJeRogpT9Ohjx%2Bg7TUzGMDoVYtTwDRWjZ3icV0W85P9YNgkA8PTj2zBIL%2BWB3zhS71f0EY%2FQ1D%2FVvtqH8HW%2Bajgt%2B2QkJ7jgQzfJjdCGXyIuZEXbCHASorVEbBkIE050fQ%3D%3D%7Ctkp%3ABk9SR8ioub-9Yw,Nuevo (de otro tipo),No score,"138,18 EUR a 322,49 EUR"
iPhone X - 64 GB - ATT (leer descripción) AH1129,https://www.ebay.es/itm/276351667412?itmmeta=01HQNZEAGXYHVR7K3T91ESTGFZ&hash=item4057d7ccd4:g:7ggAAOSwIQRlzlL7&itmprp=enc%3AAQAIAAAA4E4tUtbJEzg7wl9KafrZ6ohEHgtXH22O9F6EjDojQbaiqvoH%2FzsNE%2BEM7aJ4inwbOiV82hhv%2BRGZDHjQtWCblas7AqJscF3qP5wYG60V07aV5VxA0ngHJfOa5OYqSNI73xJJVh%2BUQXkiOMJc4iD0jieas8hL8d%2BjOkUXUZzRcNZU74jeCAcRm2HHIJ2Dv7l2obeqdOaQTwPbyodYWn6N4nwQjP%2BeNbkCdNuM8E3XDzTX2bIkc7M6A1kcfohDsuHC6X4A4yhka9r8kPLs140ilQT3qgukYCxyNcuruwAoc%2BlZ%7Ctkp%3ABk9SR8ioub-9Yw,Usado,No score,"25,80 EUR"
iPhone X 64GB (Bloqueado),https://www.ebay.es/itm/355471982293?itmmeta=01HQNZEAGX4SK1TKNMF48SGJJF&hash=item52c3c7fed5:g:BpAAAOSw1o1l0Oc4&itmprp=enc%3AAQAIAAAA4MuGSMN8%2FBc3Gablb7u9aLZCN2CkQ34XR81EPFTHma6rgF5gyy5pE26wVjusJ%2FemCysFJ1w7ia7b%2FImZONeOsckR8EBUHB6DmzKvOOOxklmpGj2W%2B%2FlQoW6OEqbvdqFxxmYn2gfIbHByDS6P5G2GhQIyDg70gom7PLGmlBojH5KWTWACa4OrrKDoo3Km4lyXSj95NP5Cuh6qju848JjnH5ihCdBa3QzuOPoF5TD%2F0bLTBp9R4BR0drGfnP9PKeFUkZ5liayPSiWBMj1K0tAZkegREO63vgzSrS3YrwP4iqCh%7Ctkp%3ABk9SR8ioub-9Yw,Solo piezas,No score,"74,99 EUR"
Smartphone Apple iPhone 8 Plus 256GB Desbloqueado de Fábrica - Producto Rojo Sellado,https://www.ebay.es/itm/196250257598?itmmeta=01HQNZEAGXR9713FWB15NHGE4M&hash=item2db16d48be:g:bzEAAOSwyNhlkeau&itmprp=enc%3AAQAIAAAAwGsbtJFXG6MG1qC7tCHt7eK%2FgiVtlHEe765wJ52hJaa29ON6PEuq3tB5r0AIR%2FD9vMR3B6UBK%2Fe6zXZR9ySKN7Sege%2FESF5EkeQk%2BhvGf404TDoas8fbLs%2F7f3fL2oTTV9mHLPCUMNI2C7ENE1JfdUmols%2FBzfbcITjyWCvhqv1XV5xgfRe7DUXNt%2FM%2FkvkU2VLGhPQyEdJDQuw8902SSY8PLuuyq6yiLFHOYG0f0bV9OGrwcT8FrQmRpd%2Fa%2Fux%2B9A%3D%3D%7Ctkp%3ABk9SR8qoub-9Yw,Nuevo (de otro tipo),No score,"163,57 EUR"
iPhone X / 64 GB schwarz,https://www.ebay.es/itm/186236089515?itmmeta=01HQNZEAGXMYJ3B6ABY168BXPF&hash=item2b5c8934ab:g:0vwAAOSwQjZllZSG&itmprp=enc%3AAQAIAAAA4MXc%2Bpu%2Bo7P4%2F1zlE4fykz%2FLP1wylHgBRQpurPjD5WsyPRk%2F46nHYLTN0OoonplWTkzC51kMVtka0dA8Ecp3Nqds9w2EivwThcfUwzEJ4PWbIT7Hf4Xu1hk509LVIxWKmoyYVmguMby%2BOdhx84rmZB%2FjL0Ed9Q57Q5DcB%2FvkMrIjQSlk2DsM5BPsUYOSOblU%2FQxmL7nYHIuGqVYhYh9oKcxP5fJPZuMmjXUCXup5j13zijaYp3szD5FXs7Cdf8i5jQtePJbOKQlrNgnKd4tdnksQLY1LhIffj65NIHTMgkCW%7Ctkp%3ABk9SR8qoub-9Yw,Usado,No score,"100,00 EUR"
Apple iPhone X - 64GB - Gris Espacial (Libre),https://www.ebay.es/itm/116077083867?itmmeta=01HQNZEAGX68YSSVE0WDEJYMRM&hash=item1b06bbbcdb:g:NFIAAOSwq1hl19jV&itmprp=enc%3AAQAIAAAA4Gljnynw1Cx%2B0sXUi7uTCiIOwN%2Bj%2Bm45Z3wbtlYIUapb%2F5vJJqP%2BgAvqHff%2BhTzpDOsvQ%2BhEmqFZpMxSvibc6MoqFZ6b9nKks11vm9D669tOue%2Fr%2BjTwTGW9nMLvwJ77Plyf72iVfHjggav7eHs%2B1t4LqZk8CkmMch2VpXBQHF52YDhXOTNrHvArQvhPcMsQCCRtdRHy1MIyezcWGnGeyLCqvWUNGIxkO0eAblexV%2BfS3d1GrT1gh8XikytvVLjII72yqgC0D5ucUP3vZtCcTQQlI1sv3QD3VtMVyhO8ufb9%7Ctkp%3ABk9SR8qoub-9Yw,Usado,4.5 de 5 estrellas.,"130,00 EUR"
Apple iPhone X - 64 GB - Gris espacial (Desbloqueado) A1865 (CDMA + GSM),https://www.ebay.es/itm/134951804779?itmmeta=01HQNZEAGXX04Z619WZ2KV740C&hash=item1f6bc11f6b:g:y1AAAOSwjDZl2sqV&itmprp=enc%3AAQAIAAAAwDMv0RPVhGeGQ8oYCw6%2FnhLCm8bEu5WbMvLxxmOFdKWo8V0sRPUbLPODhoE51DGHm1G1%2BhjcJuZw%2FBhxw4zxPqCdueSYsY5tuYw1NxtHgtU5KYQ5wNzaZp4EQoeT1FYkLHX%2B2VrdSrBlzyvFZQyGr5Esk%2B9GlAflLGtZIYbvfFlWFWu2guKOWPPGXNuSG4vhuiRwQctWItxS5DgQ1zLxeVkAEiEuXfzJNMr0eqLEbKuhH4uzRz8NWyHHzMy7g5Dwzg%3D%3D%7Ctkp%3ABk9SR8qoub-9Yw,Usado,No score,"76,49 EUR"
Anuncio nuevoApple iPhone X - 64 GB - ¡Gris espacial (Verizon) ¡Desbloqueado! ¡Ver descripción!,https://www.ebay.es/itm/326029734989?itmmeta=01HQNZEAGXEVMA7SC3K4Y1XH2F&hash=item4be8e2f44d:g:e2kAAOSwRt9l3Uiu&itmprp=enc%3AAQAIAAAAwIRKEXS1odlTY6jCCiWmAltZYqKNz4xpjylHP1Ok4qe17wWvfRoQyzBw7Ci34nmwKaj1prPs%2BNeUg6CLz03K8qoe%2FCg4lBiRXjQYbJIW1THWSe3dyfgRkF9oD7MEI8wkRtSy8EORfn0VkR3XW8VASwe6tTPvz59DQp3J%2FooJyeTL%2BmR1jE2DeL0GH4yGOz8h9BCl%2Fw0vHjPDUJwFAZnYee8unJ8JYRhDjgZe4kGbd%2F5YL3D0U17F%2BHOkovlfXbsD2Q%3D%3D%7Ctkp%3ABk9SR8qoub-9Yw,Usado,No score,"30,41 EUR"
Anuncio nuevoSMARTPHONE APPLE IPHONE X 64GB LIBRE 18282915,https://www.ebay.es/itm/126350618999?itmmeta=01HQNZEAGX4FKMJFKV95CY979Z&hash=item1d6b157177:g:6MIAAOSwofFl3TVh&itmprp=enc%3AAQAIAAAA4DFQzva%2BTKl7BE9T%2B20EN7pmCuGthBIBBy7YsFgOJXrS3G2vkMaJkhEZcrKhCIXG6cwRvKXTzDCAHwE0pESqcz8wZjghHcLr6OVSOX3CR9q9cD04pRqnYwF%2FPcI0IEbVWX3fi7MuWvvkE7mfOg3gLRSgsUGU4CHYoywWI808gbNklr4omN8IGpzwVDwUp1LSlMwvRqLUbjZsZmAaIWhC56LsB36Y6EWAhbFq3eAdlbvYltQzk3fuOTcVgO7RL29aVpKDTGAeJuTxRbFITuBicf2nsT5ZVVyrLGIUMV6FuRb3%7Ctkp%3ABFBMyqi5v71j,Usado,No score,"198,95 EUR"
Apple iPhone X (iPhone 10) 64 GB 256 GB todos los colores desbloqueado - excelente grado A,https://www.ebay.es/itm/114976169679?itmmeta=01HQNZEAGXYJ2PPCQ1VKQ770MX&hash=item1ac51d1ecf:g:OKQAAOSwtKhhN6lp&itmprp=enc%3AAQAIAAAA4I68an6XamNF3z5FjKmrNu5eey7ZRfFoxCTxw5ycaipUv3pne%2FRD33FsiF7SiguD1CDsgF8GF2xhhIXHEH4eJz0Yj823oRK5HSWFmIhZqzYnk8tiWxeYslmpL1pR01dhK19cImk95ENrhnUpuPzbsfPKzRgO6mFV925X%2BQBewH5q8raKlwPiv0SN2gYEzAHhKMtQREh6VBv18NzOwV1XKxS2dA3YOHj71jyfsCcC1qsUFgFp2iW%2Bid52MArwQFu1Lsf0kyjHNTE8TVKkZf2Q%2B3RDMXzo%2FjyPHflSEHHl%2Fem2%7Ctkp%3ABFBMyqi5v71j,Reacondicionado,5.0 de 5 estrellas.,"175,33 EUR a 197,86 EUR"
iPhone X - 64 GB - Desbloqueado (Leer descripción) AH1087,https://www.ebay.es/itm/276350222419?itmmeta=01HQNZEAGXMENHNCC4DGYHQ3NZ&hash=item4057c1c053:g:6skAAOSwoZ9lzSNW&itmprp=enc%3AAQAIAAAAwI93YpgUE4HXfPnR%2FQRy5ChofWGk3o%2F6v%2B5iubGvBRV5rRRT5ZGYz8TCmcso8cgP1EDlsYBq2rH48CBizqk5Tc8vTZwy6aa23B%2FiabThVPyDeiE0QGOrz902dtpVYgvc2E7izkjvNq25CD%2B0L%2F%2BVSMm0YRZhhpb4WJ682MCaGORp3489FmaI2D%2Fh6BTqKN8AlxAQOM842eAbJwCvQ9EW7zXq4n4d8zPRg7Kf96orwAqQLyKKNKtnVa3H5iAhuWs34g%3D%3D%7Ctkp%3ABk9SR8qoub-9Yw,Usado,No score,"64,51 EUR"
APPLE IPHONE X 64GB SILVER NON FUNZIONA FACE ID ALTRI GUASTI ⚠️,https://www.ebay.es/itm/254512346200?itmmeta=01HQNZEAGXS3MMAVACJ5FZVPEG&hash=item3b421e3458:g:OC8AAOSwx5VlzKWB&itmprp=enc%3AAQAIAAAA4FPVNwZwFvxhZxUYQG43RQtA9Cq4qQICEwDOUADO%2BWJANHj0%2BDJXEchSjEuNiFLh8XBijNC4CRYWNoAASUybFWicqbQyrX%2B2nWy2fGlI0E7c%2F48%2F%2BrdtsEZ7HJ4%2FbX1ltGfr7eu0fGoPiuTIJ9MbtU%2FEaYN%2BVnYIKqCuqR%2FiWwdeYCVuU43QbDnlG%2FUza5%2BzQUHNxPpFxcDdPiirqTP0QKma65IVCGV%2FEMkq1ai0hDww8Cj6hh5ZiKpcdi%2BUyDYRiEHuQX0YSKsJ8TgV5WppbrcceiB2rjJs6snQ5kDge%2FqO%7Ctkp%3ABk9SR8qoub-9Yw,Solo piezas,No score,"86,90 EUR"
"Apple iPhone 8 Plus, A1864, 64 GB, oro rosa (T-Mobile)",https://www.ebay.es/itm/296243079201?itmmeta=01HQNZEAGXWFKF2QN0GED460T4&hash=item44f976a821:g:oyUAAOSwgHdl156I&itmprp=enc%3AAQAIAAAA4JpypPV723flhamE%2By%2BGA612HlLN%2BbxZlHnr43pHQNDGjtujfUOAu8Kqb8SE819c43lZbKK3hHQZytdAqL9zHbt5ZwKKjfEz1hgZNK8Ki8gWfcPBkFwcsCr5G3gWnaZKaJwOCYA%2BTSMXZG6cjCnsp0gKE%2BOL3C8%2Fw%2Bf10Aeg5NqX5BjwspCZaGHmrArJ5SJg2aFRN3pIAlvxrBMjckSlTrFcHzNBUjSyd5u1X2EscaOVXgqVH5hpm83RZ%2FBTluXUT0C%2B06IRpMC%2BnoH1wDMMFQM6EhQVnDcBOsJarMTXVnwv%7Ctkp%3ABk9SR8qoub-9Yw,Usado,No score,"48,84 EUR"
Apple iPhone X A1865 256 GB Plateado GSM Desbloqueado PUNTO NEGRO,https://www.ebay.es/itm/226015057162?itmmeta=01HQNZEAGX7NYHWSNRVG97952R&hash=item349f8c150a:g:RsQAAOSwCKxl179R&itmprp=enc%3AAQAIAAAAwJEc25Otdu0%2FgFYwHxwnC1L4FiNg5YITvWjBIwDg0RDsHN2D%2BQvXAZEWH48exVVbEPMFs%2Fb98iHc1gPM%2BXNQhW7dh72EeqP%2Fph5rh5kIDujme9W9n9KXgl%2Fszr5oYjPDW6UXDFy0EnfATJYEUoLZEq8k01HYiMHd4UqfPyaS%2BO2L3hR18%2FHIB4maGrwdC6kEo2%2BvlNQOGJ%2BOXbYgHKSRkj8byzIJZbsefc0g3D7mkcsW2K2nIyFQlENdWcqd8gJTsA%3D%3D%7Ctkp%3ABk9SR8qoub-9Yw,Usado,No score,"40,55 EUR"
Anuncio nuevoSmartphone Apple iPhone X (Desbloqueado) - Gris espacial,https://www.ebay.es/itm/226021716490?itmmeta=01HQNZEAGXYGJQ6YAWXS0PZQMB&hash=item349ff1b20a:g:mrYAAOSwS-Zl3gGf&itmprp=enc%3AAQAIAAAAwCwHeRvWjNP1otndLKmHfi4cDJTbgXu9yk08m7eMmJiXhpCWiIYbKtDkLncsQSKnmj748joM0gcNjF2Oqfk%2FegtR2OtBErVb23DoySZa6EqVqKn65EevYNc3gMZHmodVH4vlaPSPyN%2FH4DAsOtFJorhM4dM7pUXpHpja7AwVVijp4aNgJQRp5XMuBZp0KyrNflm4znIb2yNjstttObs9d4YDjt%2BZpEdl7ZBOVDPpaNMAgas3dKCAoI4nj2HhT9IFdg%3D%3D%7Ctkp%3ABk9SR8youb-9Yw,Usado,No score,"72,47 EUR"
Apple iPhone X | XR | XS | XS Max - 64 GB 128 GB 256 GB - Verizon GSM Desbloqueado AT&T,https://www.ebay.es/itm/186035177804?itmmeta=01HQNZEAGXKB31DEDJDSSJ9PQN&hash=item2b508f894c:g:roEAAOSwi7tlNsQi&itmprp=enc%3AAQAIAAAA4IPH%2BOvKC9qrVy%2Ba4LBE9PDrHPKIyuYrg9eZFMWWKJ8G2CEA1LV%2B2jV2wgF--wxfjDmnu3X05Z13kRpTYAZOZzrkRQ4M4xMQPrbGbGqTIGyPMzz4J4%2FCTI8Vl3mUKWOTGv9sVtMC1zPa9oxetmtD%2FlgZYkM0CirqRMFtu2Xnll1pLmm4oDNQOzPJRsGQz6fOXlOODPo1aDASeDZXgUuKc6bkaH6uHdidQGg%2BT4zbuMy0vDiFB2NkGhBugkL%2BSVAg8URaXYK%2F%2B3G1kADRngy5z7fmIAzEsuQvMuvlk5BiQadf%7Ctkp%3ABk9SR8youb-9Yw,Nuevo (de otro tipo),No score,"142,79 EUR a 317,88 EUR"
Apple iPhone X - 64 GB - plateado (sin bloqueo de SIM),https://www.ebay.es/itm/235442765638?itmmeta=01HQNZEAGXWJE1RED709H1S1KW&hash=item36d17b7f46:g:mnwAAOSw8EJl1jVv&itmprp=enc%3AAQAIAAAA4MOuIAdQUTGuHLfTd3H8PzEqKwKAoDsTZa72oMdeFL0i3XKjqhKuQYrRo8fHHlS%2BQrYIXCr7Kduzw%2FNqGvwinL2g%2B3ucYOgRF%2BumXVVn0ZNj51hu6lPCqGqy3nOXfm97nuEE4i7lT%2Fs74K%2FKfo7TfxqyOlJ2xxs4fNh2k9G6CD%2FCEAAJONCu2soISdeQCS9v1K1fZWLiNcoYrSi0D4qCldigU%2Fp8E1%2BN%2B7%2Fx37UJBY1YHZi7dHclXkiuhHzy6MeOZoCDqTZfgDMSpj%2BTcGys2MtyaX6MGqPZekpkoP3Nfusp%7Ctkp%3ABk9SR8youb-9Yw,Usado,No score,"61,00 EUR"
Anuncio nuevoApple iPhone 12 64 GB Negro Desbloqueado/Excelente Estado!,https://www.ebay.es/itm/296254359681?itmmeta=01HQNZEAGXDJ36P8S2RT8ABJNC&hash=item44fa22c881:g:1akAAOSw2O1l3crJ&itmprp=enc%3AAQAIAAAAwIJnOTOIYPX0C9dsx1%2FJ5OIj3my9Z4XXGdVdWLz2w21RhNRLZFiM8%2F8rJiU4q6S5nu9M16yRnoma0SelX%2BB84jGePhDfkkCX%2FE1y357xA1ZPl9TL9xChYvYdvJjC3pv%2F70ZU8JiWellyra9hehnM4eLd5u69bee298LG%2FisQv0qYFye5r8SaL3uhLCX57gYIzNmAo9Ccwe1K3qbheLuIrFhZKFsMgIUA1LRAbuoezipgZygqZyce3hpw%2FZ0UoPnnSg%3D%3D%7Ctkp%3ABk9SR8youb-9Yw,Usado,No score,"121,18 EUR"
Lote de trabajo de 3 repuestos o reparación para Apple iPhone 5C A1529 A1507,https://www.ebay.es/itm/395210669356?itmmeta=01HQNZEAGXYVQBEZ18A82BAJSV&hash=item5c04643d2c:g:hFcAAOSwp99l0yHd&itmprp=enc%3AAQAIAAAAwJQDoxKA%2BM2F6QfMuf65Vy4J8UVpZctpJvo89wQKFfAFgy4MUgvDB0FyccXx7ChV6KGWqGELorqQIMEQ9staudypU3Q%2FdfWZdAf8ne4HAWLHgAwSiSvMF6zv6rzeKU1FMkpSX01k--y4k0FGi911XgAsBoBNSi%2FyoUlfswfl0aQP91u5AN%2FrpeGDK1FHii7QnJJuLCjmhacQcuIL71y0GSks%2FmvolyIPwKpg3FULPEPoCBhJTbwkqkG89OW7n%2BzaxA%3D%3D%7Ctkp%3ABk9SR8youb-9Yw,Solo piezas,No score,"18,70 EUR"
Apple iPhone X - 256 Go - Blanc (Désimlocké),https://www.ebay.es/itm/156081289596?itmmeta=01HQNZEAGXK1SY68K06WNGTEWR&hash=item24572b797c:g:PxoAAOSwAl1l2vak&itmprp=enc%3AAQAIAAAAwHd4U1h6xuK3GLMzHeKe7A61ox%2F0QuQVrrWqJBUsISxbKzEHrEGHRRZNeZSIVfp568DS8jm8lSogy%2Ftpc96zYLh7eGdzKg1xKMaZVyq73YsDH2CN4FM3LTg2F%2B4YwLLVXU0ORn%2Fq9k6ZnqITWblnJS8d1%2F4QH5vakaMxgNhp99HEvc%2Bv1xe5s%2FpQFcmT1ryZOeSEowSRLBHTLnZNUp3fWMFC1pa89m1sii37zSOBZRBuedV1s9nr2%2FYQSTdufh9ebw%3D%3D%7Ctkp%3ABk9SR8youb-9Yw,Usado,No score,"185,00 EUR"
Apple iPhone X - 256GB - Plata (Libre),https://www.ebay.es/itm/126340507299?itmmeta=01HQNZEAGYD86XM284Q4M8TMMD&hash=item1d6a7b26a3:g:6XIAAOSwAq1l1I6L&itmprp=enc%3AAQAIAAAAwGda5BjBnPZzsA4YeiZnrSUWMFWWTVhpgII0FwTcX2mhC4mVgX0GutjdTWLSMwE8Olr%2Bpdzmx8JYN3HFGfoE7leategEYWUQXLqOhFKym5iRCyse%2FS%2BiFeQunLlaHBvfU1qvCTUtOuXifrq3q3RpEc8i2kVLAk0fyM71zY99SqdlpfQlUvGpe0mRL37iGGRTGZf28qqnJxho%2BVa0scwA%2BOE2HZw6bBbXTBR0CgxIEfLlVQC34eR0crV0xymiA5exbw%3D%3D%7Ctkp%3ABk9SR8youb-9Yw,Usado,5.0 de 5 estrellas.,"199,99 EUR"
Anuncio nuevoApple iPhone X - 64 GB - Plateado (Desbloqueado),https://www.ebay.es/itm/276355106036?itmmeta=01HQNZEAGYA7VB2D72QSBSEZW8&hash=item40580c44f4:g:~b8AAOSwZdhl3U4L&itmprp=enc%3AAQAIAAAAwNJugaKjdxT41vH%2F7dgwhVdE3T5Xc%2FNb9M88avHJzhivAN8QeRKaV%2BMULAgvrf%2BYZr0%2FNt9oHhpTnznnPmpokvaWBecVmYTnrhCvz03EIG1QPT%2BWJRDnL7KBt9AihfXOl%2FdAAqygBoU8oI6kUiG7OJvYWR9hJbYMzvvLBKpxuZtHXIVZ%2BCkfAoxcOHMtOOG4VC9yOh1oOv3Kgp7EyKdUasurjqI3BO7l7LNHqcxn9wyPg7i3JiS2rxIwLoA%2Bry%2FYoA%3D%3D%7Ctkp%3ABk9SR8youb-9Yw,Usado,No score,"57,78 EUR"
Apple iPhone X - 64GB - Gris Espacial (Libre),https://www.ebay.es/itm/235435996595?itmmeta=01HQNZEAGYXEAHHDHAFTYXWTA9&hash=item36d11435b3:g:8fkAAOSwd4dlyQSy&itmprp=enc%3AAQAIAAAA4ABlr8OWrMgGqR8XtpUkILptMgV6SuFVsUfmBCFcb%2FAJByockbw2AL03b4HpUGF8XjHc12yBUrffCrzWnWaRBf0aXMk4DEIs8zGFSrS3LSXeDcufM9iq7FJPfu3ijDMZkSfRgp7nzzhtkB1T%2B2gITTlv5GLww7hoRIEYcONKuYXyu6k8M1b1mJsBaJr0jTe98T1wrB%2BczhSzVB7Bv2sLsnQfHM0WYm6%2BITVHDQj4WyEpyG4izZXRnnYoWp%2FqRps1dCAmmxFv83Hmb0PtBjzLjn3Yxwojge9w3Vx0ztldUzPN%7Ctkp%3ABk9SR8youb-9Yw,Reacondicionado,4.5 de 5 estrellas.,"175,00 EUR"
iPhone X - 256 GB - Desbloqueado (Leer descripción) AI1166,https://www.ebay.es/itm/285725157426?itmmeta=01HQNZEAGYDT6HPYFYJAVQ0PKW&hash=item42868be832:g:hasAAOSwQjNl2L4h&itmprp=enc%3AAQAIAAAA4EM9xyEQ%2BubwA78wUxYFKpu2KwezRRWYpUWrSya%2F91apM3x2yV4xcdi7JdeoPNukwnvI4E7YUiqW%2FB4KfkhOA%2FmuFbrLLBQpBQqfxSAvshZf6LLxib7QQnUeC707h%2FHC1obMMAKOYYpnfmNPwiBc7yJYQkqN4zO8Fr330ZwACcPoVS7MKQe%2BJwuHoftP1AfBx%2B205zfmXoJuMVUl%2B77O%2BZvGKOKR4fib1svHn9o4V9ROhvMYdzOMrivcVXZZ4rED%2BBlyEfR0Gqjb2M3xS%2FnobSdii%2BBxnwb%2FXY8lRX4M1a%2FG%7Ctkp%3ABk9SR8youb-9Yw,Usado,No score,"115,65 EUR"
iPhone X - 256 GB - Desbloqueado (Leer descripción) AI1015,https://www.ebay.es/itm/276354454860?itmmeta=01HQNZEAGYHT61YMDG1DY5RHJC&hash=item405802554c:g:w90AAOSwtzJl1NX0&itmprp=enc%3AAQAIAAAA4K45vtypaj8t2VPWCJae84ZCFCdrXB4cFsDTMwZk6FKIeI09fYrmO6U2NpRnKALTn0grsyPWUM%2F0ecFaKzm%2Fn%2BhBg3dENlDMQu1UXRwVN%2BQxUir2oCZmLe%2B42%2Fw43FQjeDPXyIr24Fyg1pTZJsW1BeIoaUV1dw%2FfI11LQa%2FUHklelsP0ieRjz7TA%2BVFrVhIfJKP%2FfT3%2B2cmzAR0WKRQs%2F2CiNWB1PCifiMeO9Xb5cUtlnLlYIWWtWXMoUdy%2BDWq4zsbVoznB2ZyGYGR7vIC1U1cn9DvYEHxCo5720h%2F7jV9P%7Ctkp%3ABk9SR86oub-9Yw,Solo piezas,No score,"33,18 EUR"
iPhone X - 64 GB - Desbloqueado (Leer descripción) AE1091,https://www.ebay.es/itm/285731116051?itmmeta=01HQNZEAGYA7SNHGT4N7921W2P&hash=item4286e6d413:g:vQgAAOSwfDZlsDeh&itmprp=enc%3AAQAIAAAA4EUHJZCsPCY8ZiZVbYYK%2FL0hIwZUf2%2FeQGzD17ZOoDu6B9v8VJP%2FgTbIBZB5qVQEs28aCIis5zJgn4WHBH4T8oyhNf7GNp6V3AEolrmK9%2BcDM8k6sond%2BqEmS2tJkqBFoWB38OiSo%2BSu%2Fnz1Isin8XD9aT1wCM3cqmDvOeqHFaUYAf%2FUL%2FBHOlFzhx5FRpfYnQ3iSIp7siZ8QchJTlHQdIgW3iEuZPS9f42yCrN%2FpP4yvaVGqT0GM1IPmBjJJwWCFPU1VvYTVxNz%2Bgok1z2h0ClcTvxr7cf996dSVQ3mdhlk%7Ctkp%3ABk9SR86oub-9Yw,Solo piezas,No score,"39,63 EUR"
Apple iPhone X - gris espacial,https://www.ebay.es/itm/266643417080?itmmeta=01HQNZEAGYN3DNDP2AN1A006C0&hash=item3e152fa7f8:g:GCwAAOSwJ1dlmb1G&itmprp=enc%3AAQAIAAAA4DVZ3suwNRGfEMDUD8MJCHRQmSbIVwrPsaA7UqH00CD2iLdtvH6IbvO2xNtEgL06JrqJahy9jKiuGvIWGH2M2F1ziscDNCJCmoKDPJvvrUW25arQug59f1JIdrwmpYXjooJwMPpQ%2BER2ChZj2Egzc%2FByBb0jppieSZk8QJnFlmhW0hwMJnE92mrEZmH6ASrHnzsHA4d8BJKT60wQEvXpECjGGTlS1tkdPrN7Ks53rnhZkI8zAOLtPMdcZjlBjTUxvGq0qVmwlbOdoZXEvtregbmJom8UB7IZkMeWwxOH3K3t%7Ctkp%3ABk9SR86oub-9Yw,Solo piezas,No score,"39,03 EUR"
2 x Apple iPhone 6- 16GB - Space Gray A1586 (GSM) - pack,https://www.ebay.es/itm/225976063784?itmmeta=01HQNZEAGYKVZG2KNV3W3Q5RND&hash=item349d391728:g:7h8AAOSwr2Vls9k5&itmprp=enc%3AAQAIAAAAwDehbdi08MjiplRFzEkhrU6ggunP2XBn1dfUo0xDhUL5joP7DumVuPRSWmF7IFRHr48Ro9n3pgN7Ov4kHttFxpw6vOkXQsXEV0o4U958D5e52tP5nmHLuarUalv4ynJOfRobq%2FLR0bDAsdBEypzS6mXJHlpQSvLoVzmdA3HTr2IFS2A4K%2BPrKELyP8wqvOroKLZXwKEr0mT%2FsqFhbggACmH8kkyEtp%2BQrqGeS7UwVUTdfVb8WSRFrYYm4QsQbzsKIA%3D%3D%7Ctkp%3ABk9SR86oub-9Yw,Solo piezas,No score,"50,00 EUR"
Apple iPhone X - 64GB - Gris Espacial (Libre),https://www.ebay.es/itm/166556563963?itmmeta=01HQNZEAGY2DXCPW4M6VVP4NJ3&hash=item26c78b79fb:g:HoUAAOSwt9BlqW2y&itmprp=enc%3AAQAIAAAA4PPTjTeN8MFU3GVqYul23kZ22ka3V38cTLcKYSmBht1GcarMRouDl8r07MmbLlS7Dtk4hK%2B6yj1eC20WrPVRbigrszmGyLknPxioVUNRyIKtlaI5SxG3vDvC4sVqIRiUicsvvT%2BC%2FZJVHmifI1hWtX0F561AYidbjtDF%2FSPR8SUgLXlRD%2B7r0pAyFptBBjs6y8nrPs3G4hOy8J%2FO442K40TlH4T3exJSxhAJSavJFHFU%2Bxp%2BbgMr9VPLPM2fkaqNzR2xjTP%2BfBuQWwnXtwpRbVMJmOK%2FoENRy7k4AehMfnHl%7Ctkp%3ABFBMzqi5v71j,Reacondicionado,4.5 de 5 estrellas.,"185,00 EUR"
Apple iPhone X | XR | XS | XS Max 64 GB 128 GB 256 GB Desbloqueado Verizon AT&T - ¡Bueno!,https://www.ebay.es/itm/275965493621?itmmeta=01HQNZEAGYVXQN1NHF9DMCFW26&hash=item4040d34175:g:eVkAAOSwu5NlzOD3&itmprp=enc%3AAQAIAAAA4Epcmz%2B0ZuAbLl3tvpsJ6eCtSBf7qrv9TpFO49SidxBGqVLwxgOXbseeo7AAhBjkXMIw9lkPIaFS19wouYH9xn1kPc8%2FvBdJ5hcS70gndfFLTBg2tXBV%2BxayAWjG05Iv3bBgp2jDx99N0LWIyjIKhMQ12mQFGwERiM1%2FjlA81HNl91ADmOz9%2BfRivSiIe6pZjFHfLblUXJxne9ByuXh1CrzF5CpNsSw6DCw43TncThOtuc4%2BEmXlHUurm6bDRqRQa7JRlAhH7qs8IxCJpLDeGbYrz5mHyfmXPrjM%2FSzLF3E6%7Ctkp%3ABFBMzqi5v71j,Reacondicionado,No score,"138,18 EUR a 304,06 EUR"
